id,label
0,Z
1,X
2,C
3,F
4,Y
5,a
6,`
7,F
8,R
9,[
10,G
11,M
12,L
13,A
14,A
15,H
16,^
17,P
18,]
19,U
20,P
21,_
22,M
23,a
24,Y
25,F
26,O
27,E
28,Z
29,[
30,L
31,b
32,V
33,H
34,W
35,F
36,F
37,_
38,U
39,`
40,C
41,]
42,S
43,M
44,S
45,T
46,K
47,W
48,G
49,O
50,P
51,I
52,Q
53,P
54,K
55,L
56,Q
57,K
58,H
59,J
60,F
61,S
62,g
63,T
64,G
65,X
66,c
67,\
68,]
69,T
70,X
71,B
72,W
73,]
74,H
75,j
76,T
77,I
78,Z
79,Q
80,M
81,R
82,[
83,Y
84,N
85,H
86,P
87,I
88,X
89,R
90,H
91,T
92,S
93,S
94,S
95,B
96,L
97,C
98,W
99,E
100,M
101,O
102,M
103,^
104,\
105,X
106,\
107,Y
108,N
109,b
110,g
111,M
112,H
113,V
114,U
115,J
116,J
117,S
118,J
119,b
120,a
121,O
122,W
123,U
124,R
125,U
126,W
127,L
128,T
129,h
130,R
131,G
132,\
133,P
134,_
135,]
136,Q
137,V
138,K
139,T
140,J
141,`
142,J
143,Z
144,[
145,D
146,j
147,U
148,P
149,V
150,T
151,T
152,^
153,O
154,W
155,]
156,^
157,S
158,R
159,X
160,J
161,R
162,M
163,H
164,F
165,S
166,Z
167,\
168,I
169,^
170,U
171,D
172,Y
173,I
174,U
175,I
176,_
177,P
178,R
179,b
180,W
181,M
182,P
183,M
184,[
185,U
186,Y
187,]
188,V
189,N
190,G
191,H
192,Q
193,W
194,J
195,P
196,M
197,]
198,H
199,X
200,K
201,X
202,F
203,J
204,`
205,d
206,F
207,K
208,`
209,e
210,[
211,W
212,X
213,G
214,K
215,X
216,D
217,_
218,I
219,d
220,U
221,]
222,X
223,U
224,M
225,P
226,M
227,V
228,G
229,_
230,S
231,H
232,Q
233,X
234,]
235,M
236,K
237,K
238,l
239,U
240,V
241,L
242,a
243,O
244,e
245,L
246,D
247,L
248,`
249,J
250,H
251,V
252,[
253,T
254,C
255,M
256,L
257,b
258,H
259,b
260,F
261,L
262,U
263,H
264,V
265,R
266,E
267,W
268,J
269,N
270,N
271,E
272,V
273,[
274,X
275,h
276,l
277,R
278,I
279,b
280,P
281,b
282,X
283,S
284,T
285,d
286,O
287,V
288,\
289,R
290,W
291,V
292,U
293,l
294,\
295,Y
296,F
297,X
298,U
299,C
300,S
301,V
302,P
303,T
304,c
305,U
306,O
307,V
308,j
309,F
310,D
311,d
312,c
313,J
314,I
315,X
316,E
317,M
318,N
319,\
320,Y
321,W
322,R
323,h
324,K
325,i
326,Y
327,N
328,L
329,M
330,J
331,U
332,I
333,Z
334,I
335,U
336,U
337,V
338,Z
339,a
340,V
341,J
342,c
343,V
344,H
345,F
346,R
347,X
348,X
349,\
350,Y
351,j
352,F
353,U
354,V
355,G
356,^
357,T
358,\
359,V
360,U
361,N
362,V
363,G
364,M
365,D
366,b
367,H
368,E
369,H
370,[
371,F
372,L
373,X
374,f
375,i
376,C
377,H
378,e
379,D
380,R
381,H
382,U
383,Q
384,[
385,K
386,P
387,V
388,h
389,O
390,[
391,N
392,K
393,[
394,\
395,S
396,h
397,V
398,Y
399,U
400,I
401,P
402,W
403,Z
404,X
405,L
406,P
407,M
408,G
409,J
410,L
411,L
412,K
413,N
414,_
415,W
416,H
417,P
418,R
419,Y
420,W
421,I
422,K
423,M
424,]
425,S
426,Q
427,G
428,d
429,S
430,O
431,S
432,L
433,_
434,C
435,T
436,f
437,Q
438,L
439,D
440,W
441,Q
442,H
443,Y
444,N
445,L
446,V
447,O
448,H
449,Y
450,h
451,`
452,Y
453,Q
454,Q
455,V
456,^
457,O
458,N
459,S
460,E
461,E
462,L
463,P
464,V
465,P
466,L
467,M
468,S
469,G
470,Q
471,H
472,I
473,Z
474,O
475,H
476,W
477,N
478,T
479,Y
480,X
481,U
482,X
483,G
484,T
485,M
486,Q
487,J
488,Z
489,G
490,R
491,R
492,E
493,K
494,D
495,R
496,d
497,J
498,I
499,F
500,R
501,A
502,N
503,Y
504,F
505,S
506,L
507,^
508,N
509,Y
510,P
511,]
512,T
513,[
514,^
515,Y
516,_
517,P
518,K
519,Q
520,Y
521,^
522,E
523,V
524,E
525,P
526,b
527,W
528,F
529,W
530,_
531,L
532,B
533,_
534,S
535,J
536,O
537,X
538,N
539,Q
540,a
541,Q
542,[
543,H
544,L
545,K
546,^
547,U
548,Z
549,D
550,S
551,Z
552,S
553,K
554,P
555,W
556,T
557,]
558,_
559,Q
560,P
561,\
562,V
563,\
564,R
565,N
566,\
567,H
568,U
569,c
570,V
571,N
572,S
573,\
574,F
575,U
576,S
577,G
578,V
579,N
580,P
581,h
582,D
583,a
584,R
585,I
586,B
587,M
588,[
589,M
590,G
591,M
592,[
593,_
594,F
595,R
596,S
597,N
598,O
599,e
600,G
601,B
602,H
603,T
604,Z
605,]
606,_
607,f
608,F
609,E
610,T
611,M
612,T
613,J
614,Q
615,G
616,G
617,a
618,_
619,R
620,_
621,e
622,M
623,Q
624,I
625,M
626,Q
627,V
628,W
629,P
630,_
631,H
632,]
633,h
634,E
635,c
636,Y
637,N
638,S
639,V
640,V
641,F
642,d
643,R
644,\
645,a
646,e
647,C
648,Z
649,X
650,U
651,]
652,h
653,G
654,e
655,R
656,H
657,S
658,U
659,c
660,B
661,j
662,b
663,O
664,Z
665,O
666,T
667,L
668,V
669,U
670,N
671,L
672,Y
673,R
674,\
675,J
676,P
677,R
678,L
679,T
680,I
681,B
682,P
683,M
684,M
685,O
686,G
687,V
688,U
689,Z
690,[
691,N
692,K
693,J
694,\
695,^
696,K
697,M
698,X
699,N
700,P
701,Y
702,X
703,N
704,O
705,H
706,R
707,B
708,S
709,O
710,L
711,C
712,c
713,Q
714,Z
715,C
716,T
717,L
718,X
719,Y
720,L
721,L
722,L
723,X
724,D
725,V
726,[
727,n
728,N
729,Z
730,Q
731,J
732,X
733,[
734,X
735,G
736,\
737,P
738,J
739,`
740,\
741,[
742,d
743,Q
744,B
745,b
746,V
747,X
748,a
749,e
750,O
751,^
752,H
753,X
754,Q
755,M
756,C
757,e
758,N
759,N
760,I
761,U
762,U
763,Y
764,F
765,Q
766,L
767,K
768,W
769,V
770,S
771,g
772,R
773,W
774,N
775,Z
776,c
777,G
778,T
779,W
780,[
781,G
782,I
783,D
784,a
785,S
786,W
787,Y
788,E
789,F
790,I
791,D
792,K
793,P
794,E
795,S
796,K
797,P
798,h
799,C
800,E
801,O
802,F
803,M
804,W
805,J
806,G
807,U
808,V
809,C
810,O
811,D
812,C
813,S
814,Y
815,S
816,M
817,a
818,M
819,e
820,L
821,K
822,J
823,V
824,V
825,A
826,I
827,e
828,H
829,F
830,`
831,H
832,W
833,P
834,a
835,H
836,c
837,N
838,G
839,Y
840,J
841,E
842,U
843,W
844,I
845,D
846,U
847,I
848,C
849,^
850,A
851,I
852,B
853,T
854,T
855,[
856,Y
857,N
858,K
859,O
860,P
861,g
862,G
863,I
864,S
865,Z
866,T
867,I
868,X
869,M
870,I
871,I
872,K
873,]
874,a
875,S
876,J
877,K
878,H
879,C
880,X
881,Q
882,M
883,H
884,J
885,T
886,_
887,R
888,I
889,J
890,U
891,Q
892,G
893,U
894,H
895,H
896,N
897,I
898,^
899,G
900,H
901,f
902,M
903,F
904,T
905,Q
906,R
907,H
908,D
909,S
910,c
911,\
912,J
913,N
914,c
915,Y
916,O
917,D
918,e
919,T
920,M
921,H
922,_
923,_
924,K
925,H
926,Y
927,I
928,\
929,P
930,b
931,T
932,M
933,K
934,N
935,C
936,I
937,Y
938,L
939,E
940,W
941,H
942,i
943,Z
944,S
945,K
946,R
947,Z
948,U
949,M
950,V
951,d
952,G
953,G
954,b
955,E
956,P
957,D
958,S
959,Q
960,Z
961,E
962,A
963,c
964,W
965,F
966,[
967,N
968,F
969,J
970,T
971,I
972,K
973,O
974,R
975,N
976,U
977,X
978,[
979,G
980,d
981,G
982,S
983,A
984,Z
985,T
986,F
987,C
988,N
989,[
990,R
991,Z
992,Q
993,O
994,D
995,_
996,g
997,W
998,W
999,J
1000,]
1001,Q
1002,L
1003,]
1004,`
1005,P
1006,S
1007,E
1008,M
1009,P
1010,S
1011,U
1012,O
1013,N
1014,B
1015,e
1016,V
1017,S
1018,E
1019,X
1020,R
1021,T
1022,N
1023,D
1024,O
1025,O
1026,\
1027,T
1028,U
1029,T
1030,_
1031,[
1032,W
1033,I
1034,W
1035,N
1036,S
1037,g
1038,G
1039,\
1040,R
1041,l
1042,]
1043,O
1044,P
1045,R
1046,X
1047,G
1048,D
1049,H
1050,Q
1051,N
1052,U
1053,L
1054,\
1055,T
1056,M
1057,L
1058,U
1059,O
1060,L
1061,^
1062,M
1063,U
1064,K
1065,H
1066,c
1067,B
1068,H
1069,E
1070,T
1071,[
1072,G
1073,M
1074,k
1075,J
1076,J
1077,P
1078,N
1079,P
1080,b
1081,Y
1082,g
1083,`
1084,_
1085,S
1086,Z
1087,P
1088,K
1089,U
1090,X
1091,V
1092,S
1093,Y
1094,P
1095,W
1096,R
1097,Y
1098,N
1099,G
1100,P
1101,O
1102,H
1103,X
1104,L
1105,[
1106,B
1107,]
1108,P
1109,N
1110,W
1111,J
1112,F
1113,F
1114,B
1115,W
1116,O
1117,K
1118,Y
1119,Y
1120,^
1121,I
1122,g
1123,S
1124,D
1125,g
1126,P
1127,O
1128,c
1129,C
1130,N
1131,T
1132,]
1133,M
1134,l
1135,D
1136,Z
1137,_
1138,Q
1139,M
1140,Q
1141,P
1142,P
1143,W
1144,T
1145,C
1146,L
1147,Q
1148,[
1149,[
1150,G
1151,M
1152,K
1153,S
1154,S
1155,H
1156,G
1157,L
1158,g
1159,I
1160,R
1161,T
1162,T
1163,]
1164,\
1165,K
1166,P
1167,[
1168,M
1169,X
1170,a
1171,T
1172,I
1173,I
1174,E
1175,M
1176,[
1177,F
1178,I
1179,F
1180,_
1181,Z
1182,F
1183,E
1184,D
1185,\
1186,Y
1187,H
1188,T
1189,Q
1190,b
1191,X
1192,H
1193,E
1194,a
1195,i
1196,[
1197,R
1198,J
1199,C
1200,S
1201,W
1202,Y
1203,U
1204,H
1205,L
1206,S
1207,V
1208,T
1209,E
1210,P
1211,\
1212,_
1213,J
1214,P
1215,S
1216,D
1217,H
1218,F
1219,a
1220,Q
1221,E
1222,L
1223,f
1224,R
1225,_
1226,S
1227,c
1228,C
1229,X
1230,T
1231,Y
1232,H
1233,\
1234,R
1235,E
1236,K
1237,V
1238,Z
1239,P
1240,d
1241,L
1242,J
1243,M
1244,E
1245,K
1246,U
1247,Q
1248,[
1249,M
1250,W
1251,L
1252,K
1253,K
1254,T
1255,Y
1256,l
1257,X
1258,Y
1259,P
1260,\
1261,N
1262,Z
1263,S
1264,K
1265,\
1266,W
1267,Y
1268,V
1269,Y
1270,M
1271,f
1272,D
1273,B
1274,Q
1275,a
1276,K
1277,O
1278,S
1279,Q
1280,T
1281,W
1282,H
1283,]
1284,E
1285,\
1286,F
1287,T
1288,\
1289,e
1290,Y
1291,K
1292,R
1293,T
1294,N
1295,Q
1296,I
1297,F
1298,M
1299,_
1300,P
1301,X
1302,N
1303,H
1304,P
1305,`
1306,]
1307,I
1308,T
1309,G
1310,I
1311,f
1312,X
1313,Y
1314,J
1315,\
1316,R
1317,I
1318,N
1319,U
1320,N
1321,P
1322,_
1323,W
1324,_
1325,T
1326,[
1327,]
1328,L
1329,I
1330,O
1331,S
1332,U
1333,U
1334,M
1335,L
1336,R
1337,V
1338,[
1339,L
1340,U
1341,\
1342,O
1343,T
1344,G
1345,\
1346,G
1347,Y
1348,h
1349,M
1350,I
1351,j
1352,R
1353,\
1354,M
1355,X
1356,T
1357,Z
1358,T
1359,c
1360,P
1361,\
1362,R
1363,O
1364,E
1365,U
1366,R
1367,M
1368,L
1369,F
1370,d
1371,X
1372,Z
1373,X
1374,M
1375,Q
1376,S
1377,H
1378,X
1379,U
1380,]
1381,K
1382,G
1383,V
1384,X
1385,M
1386,M
1387,_
1388,W
1389,N
1390,]
1391,T
1392,J
1393,d
1394,M
1395,S
1396,H
1397,Y
1398,b
1399,U
1400,O
1401,B
1402,a
1403,U
1404,L
1405,F
1406,X
1407,F
1408,H
1409,l
1410,R
1411,T
1412,P
1413,W
1414,Y
1415,W
1416,B
1417,R
1418,[
1419,X
1420,Q
1421,S
1422,S
1423,]
1424,Z
1425,^
1426,[
1427,X
1428,L
1429,X
1430,[
1431,i
1432,N
1433,D
1434,G
1435,S
1436,b
1437,K
1438,J
1439,J
1440,E
1441,]
1442,R
1443,N
1444,Q
1445,Q
1446,^
1447,K
1448,S
1449,R
1450,H
1451,A
1452,\
1453,N
1454,C
1455,[
1456,Z
1457,R
1458,O
1459,G
1460,M
1461,H
1462,d
1463,M
1464,A
1465,P
1466,W
1467,J
1468,R
1469,Y
1470,Z
1471,O
1472,D
1473,G
1474,_
1475,M
1476,H
1477,G
1478,N
1479,W
1480,^
1481,C
1482,J
1483,M
1484,H
1485,I
1486,D
1487,Z
1488,P
1489,M
1490,C
1491,Z
1492,C
1493,F
1494,L
1495,^
1496,[
1497,H
1498,E
1499,O
1500,H
1501,H
1502,E
1503,Q
1504,H
1505,H
1506,R
1507,K
1508,K
1509,N
1510,E
1511,Q
1512,E
1513,K
1514,U
1515,X
1516,H
1517,R
1518,R
1519,c
1520,V
1521,a
1522,F
1523,Y
1524,a
1525,O
1526,R
1527,O
1528,E
1529,_
1530,G
1531,[
1532,U
1533,d
1534,Q
1535,F
1536,n
1537,K
1538,W
1539,H
1540,L
1541,I
1542,P
1543,U
1544,_
1545,O
1546,f
1547,c
1548,M
1549,I
1550,O
1551,F
1552,[
1553,b
1554,J
1555,J
1556,E
1557,L
1558,H
1559,S
1560,L
1561,B
1562,P
1563,M
1564,U
1565,G
1566,Y
1567,W
1568,D
1569,H
1570,c
1571,S
1572,J
1573,D
1574,E
1575,K
1576,l
1577,D
1578,V
1579,\
1580,Z
1581,G
1582,R
1583,F
1584,E
1585,R
1586,R
1587,`
1588,S
1589,U
1590,W
1591,[
1592,W
1593,E
1594,^
1595,[
1596,U
1597,U
1598,W
1599,T
1600,c
1601,M
1602,[
1603,V
1604,Z
1605,W
1606,P
1607,F
1608,Y
1609,R
1610,G
1611,L
1612,_
1613,V
1614,H
1615,Y
1616,R
1617,V
1618,V
1619,I
1620,U
1621,N
1622,P
1623,T
1624,Z
1625,U
1626,M
1627,M
1628,_
1629,W
1630,T
1631,b
1632,M
1633,J
1634,Y
1635,Z
1636,K
1637,[
1638,N
1639,\
1640,N
1641,N
1642,E
1643,C
1644,K
1645,E
1646,\
1647,G
1648,S
1649,S
1650,^
1651,`
1652,G
1653,I
1654,Q
1655,N
1656,F
1657,R
1658,U
1659,[
1660,P
1661,K
1662,N
1663,W
1664,[
1665,\
1666,H
1667,I
1668,Y
1669,J
1670,P
1671,Q
1672,]
1673,S
1674,L
1675,D
1676,`
1677,K
1678,F
1679,X
1680,H
1681,\
1682,B
1683,N
1684,X
1685,]
1686,N
1687,S
1688,C
1689,R
1690,]
1691,I
1692,W
1693,]
1694,N
1695,L
1696,K
1697,Q
1698,Q
1699,H
1700,T
1701,U
1702,S
1703,K
1704,X
1705,I
1706,R
1707,P
1708,J
1709,D
1710,R
1711,c
1712,K
1713,Z
1714,]
1715,X
1716,]
1717,O
1718,M
1719,U
1720,M
1721,]
1722,P
1723,^
1724,[
1725,I
1726,F
1727,\
1728,N
1729,J
1730,U
1731,M
1732,O
1733,R
1734,E
1735,O
1736,W
1737,N
1738,V
1739,H
1740,P
1741,V
1742,[
1743,W
1744,L
1745,P
1746,E
1747,_
1748,j
1749,M
1750,b
1751,S
1752,a
1753,W
1754,N
1755,O
1756,h
1757,F
1758,]
1759,O
1760,\
1761,V
1762,F
1763,a
1764,X
1765,M
1766,T
1767,U
1768,a
1769,N
1770,F
1771,]
1772,P
1773,Y
1774,W
1775,_
1776,X
1777,e
1778,T
1779,[
1780,S
1781,W
1782,M
1783,U
1784,E
1785,W
1786,E
1787,K
1788,o
1789,X
1790,U
1791,P
1792,H
1793,b
1794,`
1795,X
1796,]
1797,n
1798,K
1799,]
1800,I
1801,Q
1802,J
1803,P
1804,I
1805,_
1806,D
1807,V
1808,a
1809,N
1810,Q
1811,X
1812,Q
1813,P
1814,M
1815,R
1816,R
1817,K
1818,T
1819,P
1820,N
1821,N
1822,S
1823,X
1824,b
1825,R
1826,X
1827,R
1828,R
1829,\
1830,n
1831,K
1832,W
1833,U
1834,E
1835,^
1836,V
1837,H
1838,P
1839,^
1840,W
1841,M
1842,E
1843,W
1844,R
1845,J
1846,L
1847,a
1848,R
1849,M
1850,M
1851,[
1852,A
1853,T
1854,b
1855,O
1856,P
1857,I
1858,E
1859,\
1860,T
1861,M
1862,H
1863,I
1864,R
1865,P
1866,V
1867,Y
1868,H
1869,R
1870,N
1871,J
1872,U
1873,N
1874,U
1875,F
1876,Y
1877,V
1878,G
1879,T
1880,Z
1881,A
1882,\
1883,L
1884,C
1885,U
1886,f
1887,E
1888,D
1889,Q
1890,G
1891,T
1892,J
1893,O
1894,i
1895,W
1896,B
1897,C
1898,T
1899,S
1900,J
1901,J
1902,Y
1903,E
1904,V
1905,k
1906,B
1907,a
1908,`
1909,T
1910,`
1911,h
1912,M
1913,H
1914,F
1915,R
1916,Q
1917,F
1918,]
1919,V
1920,F
1921,V
1922,K
1923,P
1924,_
1925,Y
1926,[
1927,Y
1928,I
1929,\
1930,I
1931,Q
1932,N
1933,`
1934,O
1935,K
1936,H
1937,V
1938,G
1939,C
1940,\
1941,T
1942,A
1943,U
1944,P
1945,\
1946,R
1947,S
1948,R
1949,W
1950,N
1951,b
1952,J
1953,`
1954,G
1955,A
1956,E
1957,^
1958,J
1959,_
1960,N
1961,T
1962,Y
1963,H
1964,D
1965,S
1966,[
1967,N
1968,M
1969,o
1970,M
1971,W
1972,X
1973,\
1974,Z
1975,d
1976,c
1977,^
1978,E
1979,\
1980,Y
1981,h
1982,Q
1983,J
1984,J
1985,W
1986,J
1987,V
1988,R
1989,W
1990,R
1991,d
1992,P
1993,P
1994,e
1995,_
1996,N
1997,G
1998,P
1999,M
2000,D
2001,J
2002,`
2003,M
2004,M
2005,G
2006,N
2007,Z
2008,I
2009,a
2010,A
2011,F
2012,O
2013,Z
2014,a
2015,F
2016,M
2017,[
2018,I
2019,Y
2020,J
2021,Q
2022,D
2023,S
2024,T
2025,D
2026,F
2027,K
2028,A
2029,R
2030,O
2031,I
2032,H
2033,O
2034,_
2035,\
2036,Q
2037,N
2038,V
2039,S
2040,E
2041,T
2042,I
2043,X
2044,M
2045,b
2046,d
2047,B
2048,M
2049,C
2050,G
2051,X
2052,M
2053,S
2054,M
2055,J
2056,I
2057,O
2058,J
2059,W
2060,Y
2061,P
2062,W
2063,]
2064,W
2065,R
2066,K
2067,W
2068,G
2069,I
2070,V
2071,\
2072,N
2073,G
2074,N
2075,]
2076,G
2077,P
2078,L
2079,b
2080,M
2081,Q
2082,G
2083,G
2084,L
2085,T
2086,V
2087,A
2088,b
2089,\
2090,W
2091,X
2092,J
2093,I
2094,Z
2095,I
2096,B
2097,O
2098,G
2099,B
2100,E
2101,Q
2102,L
2103,C
2104,X
2105,D
2106,X
2107,\
2108,R
2109,b
2110,G
2111,Q
2112,S
2113,Q
2114,b
2115,M
2116,L
2117,G
2118,I
2119,b
2120,N
2121,H
2122,T
2123,j
2124,f
2125,T
2126,Y
2127,`
2128,Z
2129,Q
2130,`
2131,c
2132,Q
2133,O
2134,T
2135,B
2136,K
2137,Q
2138,N
2139,g
2140,T
2141,K
2142,]
2143,N
2144,N
2145,a
2146,X
2147,`
2148,G
2149,V
2150,L
2151,J
2152,Y
2153,\
2154,P
2155,R
2156,P
2157,C
2158,L
2159,X
2160,Z
2161,T
2162,c
2163,R
2164,W
2165,T
2166,`
2167,\
2168,[
2169,f
2170,Q
2171,I
2172,L
2173,W
2174,Y
2175,O
2176,O
2177,T
2178,T
2179,d
2180,e
2181,\
2182,^
2183,M
2184,P
2185,R
2186,G
2187,Q
2188,b
2189,J
2190,N
2191,P
2192,R
2193,L
2194,Q
2195,]
2196,O
2197,j
2198,G
2199,H
2200,N
2201,M
2202,J
2203,H
2204,F
2205,C
2206,E
2207,V
2208,\
2209,]
2210,f
2211,P
2212,K
2213,X
2214,L
2215,Y
2216,d
2217,E
2218,G
2219,\
2220,F
2221,d
2222,W
2223,R
2224,N
2225,Q
2226,H
2227,C
2228,W
2229,`
2230,Y
2231,`
2232,U
2233,O
2234,J
2235,T
2236,V
2237,V
2238,P
2239,V
2240,S
2241,P
2242,J
2243,N
2244,H
2245,Q
2246,]
2247,Q
2248,F
2249,b
2250,T
2251,D
2252,^
2253,V
2254,Y
2255,X
2256,D
2257,M
2258,C
2259,j
2260,U
2261,U
2262,N
2263,O
2264,M
2265,`
2266,Y
2267,C
2268,L
2269,J
2270,[
2271,^
2272,K
2273,W
2274,O
2275,O
2276,N
2277,T
2278,Q
2279,V
2280,c
2281,Q
2282,F
2283,Y
2284,L
2285,Q
2286,Z
2287,J
2288,V
2289,N
2290,T
2291,H
2292,H
2293,[
2294,P
2295,P
2296,U
2297,T
2298,[
2299,G
2300,[
2301,c
2302,G
2303,H
2304,K
2305,Q
2306,\
2307,O
2308,D
2309,g
2310,]
2311,b
2312,X
2313,d
2314,K
2315,H
2316,U
2317,I
2318,h
2319,^
2320,H
2321,P
2322,F
2323,V
2324,Z
2325,`
2326,[
2327,G
2328,\
2329,W
2330,Q
2331,Q
2332,P
2333,G
2334,U
2335,Z
2336,N
2337,`
2338,R
2339,P
2340,V
2341,f
2342,H
2343,J
2344,T
2345,[
2346,O
2347,R
2348,T
2349,S
2350,N
2351,\
2352,c
2353,P
2354,Z
2355,M
2356,O
2357,W
2358,D
2359,b
2360,`
2361,\
2362,V
2363,\
2364,N
2365,P
2366,U
2367,W
2368,Q
2369,]
2370,H
2371,R
2372,j
2373,S
2374,Z
2375,\
2376,d
2377,K
2378,\
2379,Z
2380,Q
2381,`
2382,H
2383,S
2384,F
2385,^
2386,E
2387,N
2388,G
2389,^
2390,T
2391,^
2392,P
2393,E
2394,U
2395,H
2396,P
2397,S
2398,e
2399,E
2400,I
2401,H
2402,b
2403,X
2404,B
2405,c
2406,V
2407,^
2408,_
2409,G
2410,_
2411,N
2412,I
2413,g
2414,P
2415,G
2416,S
2417,S
2418,R
2419,a
2420,U
2421,D
2422,_
2423,X
2424,`
2425,f
2426,f
2427,[
2428,[
2429,G
2430,I
2431,N
2432,I
2433,I
2434,I
2435,_
2436,Z
2437,M
2438,d
2439,D
2440,m
2441,Z
2442,O
2443,F
2444,c
2445,U
2446,B
2447,U
2448,W
2449,G
2450,X
2451,F
2452,Y
2453,X
2454,\
2455,M
2456,f
2457,\
2458,O
2459,N
2460,T
2461,_
2462,P
2463,U
2464,N
2465,Z
2466,O
2467,a
2468,V
2469,O
2470,F
2471,\
2472,U
2473,L
2474,N
2475,Q
2476,b
2477,T
2478,R
2479,I
2480,U
2481,X
2482,M
2483,M
2484,R
2485,g
2486,I
2487,e
2488,Y
2489,L
2490,J
2491,E
2492,c
2493,F
2494,_
2495,Y
2496,M
2497,T
2498,F
2499,V
2500,P
2501,[
2502,A
2503,F
2504,R
2505,P
2506,I
2507,F
2508,Y
2509,n
2510,X
2511,g
2512,j
2513,G
2514,U
2515,g
2516,F
2517,\
2518,C
2519,I
2520,P
2521,R
2522,X
2523,Q
2524,^
2525,H
2526,D
2527,P
2528,F
2529,\
2530,Z
2531,T
2532,_
2533,j
2534,E
2535,P
2536,O
2537,U
2538,S
2539,d
2540,]
2541,b
2542,X
2543,Z
2544,S
2545,W
2546,G
2547,K
2548,W
2549,V
2550,c
2551,F
2552,C
2553,f
2554,J
2555,d
2556,K
2557,F
2558,[
2559,Q
2560,S
2561,g
2562,\
2563,_
2564,K
2565,O
2566,I
2567,b
2568,U
2569,g
2570,a
2571,P
2572,F
2573,M
2574,X
2575,C
2576,M
2577,b
2578,Y
2579,h
2580,\
2581,W
2582,^
2583,R
2584,Y
2585,Y
2586,N
2587,W
2588,K
2589,D
2590,H
2591,R
2592,a
2593,J
2594,Q
2595,M
2596,S
2597,_
2598,h
2599,^
2600,K
2601,M
2602,Q
2603,E
2604,K
2605,c
2606,P
2607,Z
2608,T
2609,R
2610,E
2611,V
2612,Y
2613,S
2614,X
2615,e
2616,P
2617,\
2618,D
2619,Q
2620,D
2621,Y
2622,S
2623,J
2624,k
2625,e
2626,D
2627,E
2628,U
2629,T
2630,U
2631,T
2632,I
2633,L
2634,_
2635,X
2636,Z
2637,j
2638,M
2639,b
2640,H
2641,K
2642,M
2643,V
2644,L
2645,[
2646,Z
2647,Y
2648,H
2649,G
2650,Q
2651,U
2652,F
2653,D
2654,U
2655,Z
2656,H
2657,F
2658,O
2659,Q
2660,X
2661,^
2662,V
2663,`
2664,`
2665,S
2666,U
2667,J
2668,V
2669,O
2670,F
2671,i
2672,L
2673,R
2674,W
2675,Y
2676,Q
2677,M
2678,P
2679,Q
2680,R
2681,g
2682,Y
2683,S
2684,U
2685,Y
2686,`
2687,W
2688,L
2689,R
2690,X
2691,V
2692,H
2693,S
2694,T
2695,_
2696,Z
2697,O
2698,f
2699,F
2700,e
2701,S
2702,`
2703,L
2704,M
2705,L
2706,W
2707,Y
2708,E
2709,M
2710,I
2711,U
2712,Y
2713,K
2714,A
2715,W
2716,P
2717,F
2718,R
2719,T
2720,b
2721,]
2722,T
2723,W
2724,T
2725,S
2726,V
2727,H
2728,E
2729,J
2730,S
2731,S
2732,S
2733,O
2734,F
2735,F
2736,I
2737,Q
2738,R
2739,F
2740,I
2741,Z
2742,a
2743,P
2744,I
2745,Q
2746,S
2747,S
2748,K
2749,_
2750,O
2751,T
2752,X
2753,O
2754,W
2755,T
2756,\
2757,X
2758,O
2759,e
2760,Y
2761,^
2762,T
2763,K
2764,]
2765,f
2766,W
2767,N
2768,L
2769,M
2770,R
2771,f
2772,K
2773,R
2774,I
2775,R
2776,e
2777,V
2778,]
2779,Z
2780,I
2781,d
2782,H
2783,E
2784,O
2785,V
2786,H
2787,M
2788,E
2789,D
2790,H
2791,H
2792,W
2793,M
2794,K
2795,P
2796,W
2797,R
2798,L
2799,I
2800,C
2801,K
2802,G
2803,G
2804,N
2805,T
2806,a
2807,I
2808,U
2809,f
2810,Y
2811,X
2812,a
2813,M
2814,P
2815,R
2816,N
2817,Q
2818,_
2819,L
2820,L
2821,S
2822,H
2823,X
2824,L
2825,]
2826,Z
2827,Q
2828,H
2829,D
2830,V
2831,I
2832,e
2833,S
2834,W
2835,[
2836,`
2837,J
2838,S
2839,U
2840,E
2841,P
2842,H
2843,U
2844,M
2845,Q
2846,Z
2847,J
2848,H
2849,Y
2850,\
2851,E
2852,h
2853,P
2854,_
2855,G
2856,I
2857,N
2858,F
2859,]
2860,S
2861,e
2862,Q
2863,Y
2864,_
2865,^
2866,N
2867,G
2868,Y
2869,N
2870,R
2871,I
2872,O
2873,[
2874,P
2875,O
2876,U
2877,Z
2878,T
2879,\
2880,N
2881,M
2882,_
2883,d
2884,F
2885,X
2886,P
2887,J
2888,I
2889,]
2890,C
2891,e
2892,X
2893,Y
2894,G
2895,H
2896,M
2897,V
2898,^
2899,M
2900,E
2901,c
2902,X
2903,Q
2904,Q
2905,J
2906,P
2907,T
2908,C
2909,_
2910,Y
2911,N
2912,Y
2913,H
2914,a
2915,[
2916,_
2917,`
2918,M
2919,O
2920,W
2921,L
2922,d
2923,b
2924,N
2925,X
2926,R
2927,P
2928,W
2929,Z
2930,M
2931,I
2932,T
2933,R
2934,i
2935,J
2936,H
2937,R
2938,`
2939,Y
2940,V
2941,L
2942,I
2943,I
2944,Y
2945,V
2946,b
2947,O
2948,V
2949,X
2950,o
2951,\
2952,L
2953,G
2954,H
2955,R
2956,G
2957,D
2958,K
2959,J
2960,g
2961,H
2962,E
2963,I
2964,N
2965,Y
2966,V
2967,k
2968,W
2969,T
2970,N
2971,V
2972,C
2973,Y
2974,C
2975,K
2976,J
2977,[
2978,\
2979,_
2980,Q
2981,^
2982,M
2983,Z
2984,V
2985,S
2986,Y
2987,\
2988,R
2989,T
2990,H
2991,g
2992,F
2993,Z
2994,g
2995,V
2996,L
2997,O
2998,J
2999,Y
